Timestamp,Roll Number (Format : 2014BCS079),Name,Gender,Native Place (Nearest One),Email,Roll Number 1,Roll Number 2,Roll Number 3,Roll Number 4,Roll Number 5
2017/04/07 12:43:49 PM GMT+5:30,2014BCS082,Abhijeet Rajendra Dargude ,Male,Pune,dargudear@gmail.com,2014BCS083,2014BCS096,2014BCS012,2014BCS091,2014BCS084
2017/04/07 12:46:45 PM GMT+5:30,2014BCS081,Naveed Achkal,Male,Sangli,naveed007@gmail.com,2015BCS211,2015BCS216,2015BCS215,2014BCS069,2014BCS052
2017/04/07 12:55:33 PM GMT+5:30,2014BCS072,Prafull Desai,Male,Kolhapur,desai.prafful@gmail.com,2014BCS045,2014BCS078,2014BCS036,2014BCS008,2014BCS039
2017/04/07 12:55:52 PM GMT+5:30,2014BCS046,Anuj Sande,Male,Kolhapur,anujsande88@gmail.com,2014BCS036,2014BCS072,2014BCS038,2014BCS019,2014BEN030
2017/04/07 12:58:11 PM GMT+5:30,2014BCS015,Prasad Gulhane,Male,Nagpur,Prasadgulhane261@gmail.com,2014BCS008,2014BIT56,2014BCS098,2014BCS016,2014BCS082
2017/04/07 1:03:52 PM GMT+5:30,2014BCS019,Nivedita Waghamode,Female,Sangli,nivedita429@gmail.com,2014BEN030,2014BCS088,2014BCS086,2014BCS046,2014BCS011
2017/04/07 1:06:30 PM GMT+5:30,2014BCS052,Anurag Mankar,Male,Nagpur,anurag.mankar0@gmail.com,2014BCS069,2014BCS054,2014BCS020,2014BCS071,2014BCS023
2017/04/07 1:38:49 PM GMT+5:30,2015BCS216,Tushar Ramdas Bhosale ,Male,Sangli,Tusharwap@gmail.com,2015BCS211,2015BCS210,2014BCS081,2015BCS209,2015BCS215
2017/04/07 1:54:16 PM GMT+5:30,2014BCS050,Yogesh Nandkumar Khodse,Male,Latur,,2014BCS037,2014BCS027,2014BCS049,2014BCS025,2014BCS073
2017/04/07 8:59:56 PM GMT+5:30,2015BCS206,pallavi raju suryavanshi,Female,Latur,pallavisuryavanshi633@gmail.com,2045BCS202,2015BCS207,2015BCS217,2015BCS212,2015BCS208
2017/04/07 11:33:18 PM GMT+5:30,2015BCS054,Samiksha Kombe,Female,Nagpur,kombesamiksha@gmail.com,2015BCS058,2015BCS056,2015BCS062,2015BEN042,2015BEN046
2017/04/07 11:34:10 PM GMT+5:30,2016BTECS00009,Ravikumar Navale,Male,Nagpur,ravikumarnavale01@gmail.com,2016BTECS00069,2016BTECS00001,2016BTECS00011,2016BTECS00015,2016BTECS00084
2017/04/07 11:34:22 PM GMT+5:30,2014BCS021,Tushar Kashyape,Male,Nagpur,tkashyape@gmail.com,2014BCS025,2014BCS008,2014BCS015,2014BCS007,2014BCS021
2017/04/07 11:35:41 PM GMT+5:30,2016BTECS00059,Vishwajeetsingh Desurkar,Male,Aurangabad,vishwajeetsinghd@gmail.com,2016BTECS00044,2016BTECS00049,2016BTECS00069,2016BTECS00077,2016BTECS00056
2017/04/07 11:41:24 PM GMT+5:30,2016BTECS00013,Mukund Pande,Male,Nagpur,mukundrpande29@gmail.com,2016BTECS00044,2016BTECS00049,2016BTECS00059,2016BTECS00069,2016BTECS00077
2017/04/07 11:41:37 PM GMT+5:30,2016BCS069,Abhishek Patel,Male,Pune,abhishekpatel828@gmail.com,2016BCS059,2016BCS049,2016BCS044,2016BCS062,2016BCS013
2017/04/07 11:43:39 PM GMT+5:30,2016btecs00021,Akshay Patil,Male,Aurangabad,patilakshay770@gmail.com,2016btecs00022,2016btecs00024,2016btecs00036,2016btecs00033,2016btecs00027
2017/04/07 11:43:43 PM GMT+5:30,2016BTECS00022,Sumant Wadekar,Male,Latur,sumantcwadekar@gmail.com,2016BTECS00021,2016BTECS00023,2016BTECS00024,2016BTECS00020,2016BTECS00055
2017/04/07 11:44:13 PM GMT+5:30,2014BIT055,Rahul Bagad,Male,Aurangabad,rlbagad2@gmail.com,2014BIT046,2014BIT044,2014BIT048,2014BIT050,2014BIT057
2017/04/07 11:44:55 PM GMT+5:30,2014BIT011,Yashadatt sawant,Male,Latur,yashadattsawant617@gmail.com,2014BIT040,2014BIT015,2014BIT014,2014BIT013,2014BIT012
2017/04/07 11:45:08 PM GMT+5:30,2015BIT214,Monali A. Bhagwat ,Female,Aurangabad,Monalibhagwat07@gmail.com ,2015BIT203,2015BIT206,2015BIT208,2015BIT201,2014BIT027
2017/04/07 11:45:40 PM GMT+5:30,2015BIT208,Sanjeevani Ithape,Female,Pune,sanjeevanithape7@gmail.com,2015BIT203,2015BIT214 ,2015BIT206,2015BIT202,2014BIT029
2017/04/07 11:47:07 PM GMT+5:30,2016BtECS00038,Swapnil Kesur,Male,Pune,kesurswapnil@gmail.com,2016BTECS00040,2016BTECS00029,2016BTECS00031,2016BTECS00027,2016BTECS00023
2017/04/07 11:50:30 PM GMT+5:30,2016btecs00039,Switi G. Mhaiske,Female,Nagpur,sweetymhaiske@gmail.com,2016btecs00027,2016btecs00050,2016btecs00032,2016btecs00031,2016btecs00028
2017/04/07 11:50:34 PM GMT+5:30,2015BCS026,Miss.Dhende Pradnya Vitthal,Female,Sangli,Pradnyadhende786@gmail.com,2015BCS009,2015BCS016,2015BCS021,2015BCS054,2015BIT045
2017/04/07 11:51:10 PM GMT+5:30,2015BCS080,Tejas Bhorkar,Male,Pune,tejasbhorkar@gmail.com,2015BCS069,2015BCS027,2015BCS067,2015BCS070,2015BCS062
2017/04/07 11:51:13 PM GMT+5:30,2016btecs00032,Shruti Alagundgi,Female,Sangli,shrutialagundgi@gmail.com,2016btecs00039,2016btecs00040,2016btecs00029,2016btecs00023,2016btecs00030
2017/04/07 11:51:34 PM GMT+5:30,2014BIT026,Viraj Chavan,Male,Kolhapur,virajc@live.com,2014BIT035,2014BIT006,2014BIT013,2014BIT042,2014BIT060
2017/04/07 11:52:18 PM GMT+5:30,2014bcv057,Rokade mahadev,Male,Latur,rokademahadev@gmail.com,2014bcv002,2014bcv029,2014bcv056,2014bcv059,2014bcv204
2017/04/07 11:52:19 PM GMT+5:30,2015BCS064,Shivani Ajaykumar Sharma,Female,Pune,shivani08kaka@gmail.com,2015BCS033,2015BCS049,2015BCS084,2015BCS081,2015BCS092
2017/04/07 11:55:00 PM GMT+5:30,2014BIT008,Nishigandha Guruji,Female,Pune,nishguruji@gmail.com,2014BIT056,2014BIT001,2014BIT030,2014BCS013,2014BCS086
2017/04/07 11:59:14 PM GMT+5:30,2016btecs00019,Dhanashree,Female,Nagpur,dphulkar@gmail.com,2016btecs00039,2016btecs00018,2016btecs00006,2016btecs00010,2016btecs00040
2017/04/08 12:05:58 AM GMT+5:30,2015BIT016,Padmaja Sanjay Dhonddev,Female,Latur,dpadmaja407@gmail.com,2015BIT003,2015BIT005,2015BCS021,2015BEN014,2015BIT048
2017/04/08 12:06:52 AM GMT+5:30,2016BTECS00068,Raghunandan Mante,Male,Aurangabad,raghumante@gmail.com,2016BTECS00078,2016BTECS00063,2016BTECS00067,2016BTECS00012,2016BTECS00056
2017/04/08 12:07:39 AM GMT+5:30,2014BEN056,Sukhada Naik,Female,Nagpur,sukhada2908naik@gmail.com,2014BEN045,2014BEN052,2014BEN061,2014BEN053,2014BEN062
2017/04/08 12:08:41 AM GMT+5:30,Ghj,Hh,Male,Kolhapur,Fg,R,Y,V,S,N
2017/04/08 12:11:15 AM GMT+5:30,2015BCS093,Rohit Rathi,Male,Sangli,rathirohitg1997@gmail.com,2015BIT013,2015BIT041,2015BIT022,2015BME003,2015BCS098
2017/04/08 12:14:40 AM GMT+5:30,2014BCS094,TUSHAR RAJENDRA CHANDAK,Male,Nagpur,tchandak123456@gmail.com,2014BCS059,2014BCS061,2014BCS025,2014BCS015,2014BCS008
2017/04/08 12:17:01 AM GMT+5:30,2014BIT020,Ashutosh Ekbote,Male,Solapur,ashutoshekbote@gmail.com,2014BIT019,2014BIT011,2014BIT012,2014BIT014,2014BIT007
2017/04/08 12:47:26 AM GMT+5:30,2014BCS008,Yash Bele,Male,Nagpur,yashbele@gmail.com,2014BIT056,2014BCS061,2014BCS015,2014BCS025,2014BCS021
2017/04/08 12:54:05 AM GMT+5:30,2016BTECS00036,Abhishek Ravindra Sapate,Male,Sangli,sapate.abhishek1998@gmail.com,2016BTECS00021,2016BTECS00022,2016BTECS00024,2016BTECS00046,2016BTECS00027
2017/04/08 12:55:28 AM GMT+5:30,2014BEL045,Rutuja Patil,Female,Kolhapur,patilrutu36@gmail.com,2014BEL001,2014BEL033,2014BEL047,2014BME001,2014BME018
2017/04/08 12:57:45 AM GMT+5:30,2016BTECS00076,Sourabh Pukale,Male,Pune,souravp7777@gmail.com,2016BTECS00077,2016BTECS00031,2016BTECS00019,2016BTECS00040,2016BTECS00006
2017/04/08 1:41:47 AM GMT+5:30,2016BTECS00048,AKASH ARVIND MISHRA ,Male,Kolhapur,mishraakas.am5169@gmail.com ,2016BTECS000035,2016BTECS00045,2016BTECS00064,2016BTECS00050,2016BTECS00042
2017/04/08 2:09:40 AM GMT+5:30,2014BEN014,Shantanu S Vipradas,Male,Sangli,VipradasS@gmail.com,2014BEN003,2014BEN008,2014BEN024,2014BEN026,2014BEN042
2017/04/08 6:53:08 AM GMT+5:30,2014ben040,Birajdar Rushikant Shivaji,Male,Latur,birajdarrushikant@gmail.com,2015BEN201,2014ben034,2014ben033,2014ben037,2014ben036
2017/04/08 6:59:39 AM GMT+5:30,2014BCS093,Himanshu Motake,Male,Nagpur,himanshu.motake1996@gmail.com,2014BCS088,2014BCS094,2014BCS025,2014BCS008,2014BCS046
2017/04/08 7:01:25 AM GMT+5:30,2014BIT001,Pooja Patil ,Female,Sangli,poojapatil1503@gmail.com,2014BIT008,2014BME064,2014BIT030,2014BCV001,2013BIT006
2017/04/08 7:02:35 AM GMT+5:30,2014BIT050,Sankalp Yerawar,Male,Yavatmal,sankalpyerawar@gmail.com,2014BCS015,2014BIT055,2014BIT044,2014BIT056,2014BIT039
2017/04/08 7:07:53 AM GMT+5:30,2016BTECS00065,Rohan Laxman Godge,Male,Osmanabad,rohangodge123@gmail.com,2016BTECS00027,2016BTECS00042,2016BTECS00066,2016BTECS00064,2016BTECS00046
2017/04/08 7:44:03 AM GMT+5:30,2014BCS056,Nidhi Divyesh Shah ,Female,Sangli,nidhi.shah777@gmail.com,2014BCS053,2014BCS003,2014BCS013,2014BCS063,2014BCS042
2017/04/08 7:58:17 AM GMT+5:30,2014BCV021,Salunke Rashmi Rajendra,Female,Latur,salunkerashmi96@gmail.com,2014BCV041,2014BCV005,2014BIT031,2014BCV016,2014BCV039
2017/04/08 8:03:52 AM GMT+5:30,2015BIT216,Sandhya,Female,Mumbai,Sandhyasalve27@gmail.com,2015BIT218,2015BIT212,2015BIT201,2015BIT210,2015BIT220
2017/04/08 8:25:34 AM GMT+5:30,2014BCS002,aishwarya  heshi,Female,Sangli,aish.heshi23297@gmail.com,2014BIT005,2014BCS066,2014BCS001,2015BCS204,2014BCS056
2017/04/08 8:35:21 AM GMT+5:30,2014BCS088,Akshay Shelke,Male,Latur,akshayshelke18@gmail.com,2014BCS071,2014BCS069,2014BCS061,2014BCS058,2014BCS026
2017/04/08 8:51:15 AM GMT+5:30,2015BCS052,Vinit Mahajan,Male,Latur,vinitmahajan1@gmail.com,2015BCS051,2015BCS046,2015BCS010,2015BCS014,2015BCS018
2017/04/08 8:56:31 AM GMT+5:30,2016btecs00095,Divya Shivanand Kidile ,Female,Latur,divyaskidile25@gmail.com,2016btecs00019,2016btecs00040,2016btecs00084,2016btecs00032,2016btecs00107
2017/04/08 9:17:41 AM GMT+5:30,2015BCS204,swapnali Gorakshnath Tambe,Female,Nashik,swapnalitambe11@gmail.com,2015BCS203,2015BCS202,2015BCS206,2015BCS208,2015BCS112
2017/04/08 9:19:04 AM GMT+5:30,2015BEL204,manoj bhorge,Male,NANDED,mbhorge45@gmail.com,2015BEL203,2015BEL205,2015BEL206,2015BEL210,2015BEL212
2017/04/08 9:24:04 AM GMT+5:30,2016bteit00022,Gunjan singh,Female,Nagpur,gunja131998@gmail.com,2016bteit00022,2016bteit00006,2016bteel00010,2016bteel00009,2016bteit00068
2017/04/08 9:32:46 AM GMT+5:30,2015BCS096,Jigar Gaurang Shah,Male,Solapur,jig.shah97@gmail.com,2015BCS094,2015BCS093,2015BCS019,2015BCS018,2015BCS010
2017/04/08 9:32:51 AM GMT+5:30,2015BIT217,omnath D. Karwade,Male,Latur,omnath.karwade94@gmail.com,2015BIT219,2014BIT045,2015BIT212,2015BIT210,2015BIT23
2017/04/08 9:38:38 AM GMT+5:30,2016BTECS00037,Manoj Salunke,Male,Pune,manojsalunke98@gmail.com,2016BTECS00034,2016BTECS00066,2016BTECS00038,2016BTEEE00041,2016BTECS00055
2017/04/08 9:58:00 AM GMT+5:30,2015BCS042,Neha Kembalkar,Female,Kolhapur,nkkembalkar@gmail.com,2015BCS002,2015BCS016,2015BCS036,2015BCS035,2015BIT026
2017/04/08 10:12:16 AM GMT+5:30,2014BCS062,Punit Patel,Male,Sangli,punitpatel324@gmail.com,2014BCS065,2014BCS058,2014BCS078,2014BCS083,2014BCS036
2017/04/08 10:14:04 AM GMT+5:30,2014BEN027,Basit Phiroj Kalal,Male,Mumbai,kalalbasit@gmail.com,2014BEN026,2014BEN025,2014BEN033,2014BEN036,2014BEN037
2017/04/08 10:41:13 AM GMT+5:30,2014BEL027,Mahammadshahid Bashirahmad MominAthanikar,Male,Kolhapur,shahidathanikar@gmail.com,2014BEL024,2014BEL026,2014BEL029,2014BEL030,2015BEL201
2017/04/08 10:42:59 AM GMT+5:30,2014BCV034,Namrata Nandkumar Gaikwad,Female,Latur,namratagaikwad8285@gmail.com,2014BCV034,2014BCV068,2014BCV060,2015BCV212,2015BCV202
2017/04/08 11:24:49 AM GMT+5:30,2014BCS038,Dnyanesh Bhite,Male,Pune,dnyanesh.bhite@gmail.com,2014BCS027,2014BCS034,2014BCS035,2014BCS037,2014BCS041
2017/04/08 12:15:09 PM GMT+5:30,2014BCS084,Shubham Patil,Male,Sangli,,2014BCS082,2014BCS096,2014BCS029,2014BCS048,2014BCS081
2017/04/08 12:31:35 PM GMT+5:30,2014BIT044,Savyasachi Dhurve,Male,Sangli,savya1612@gmail.com,2014BIT055,2014BIT046,2015BIT213,2014BIT060,2014BIT035
2017/04/08 12:46:43 PM GMT+5:30,2014BCV047,Pranav Pawar,Male,Ahamednagar,Pranavpawar400@gmail.com,2014BCV043,2014BCV045,2014BCV051,2014BCV055,2014BCV058
2017/04/08 12:47:57 PM GMT+5:30,2015BCS016,Sukhada Ghewari,Female,Kolhapur,sukhada.ghewari@gmail.com,2015BCS009,2015BCS021,2015BCS045,2015BCS026,2015BCS002
2017/04/08 12:54:23 PM GMT+5:30,2016BTECS00027,Krishna nandapurkar,Male,Parbhani,krishnanandapurkar@gmail.com,2016BTECS00027,2016BTECS00027,2016BTECS00027,2016BTECS00027,2016BTECS00027
2017/04/08 1:31:10 PM GMT+5:30,2014BIT037,AISHWARYA MURLIDHAR KENDRE,Female,Sangli,aishwarya.kendre@gmail.com,2014BIT057,2014BIT022,2015BIT204,2015BIT207,2015BIT220
2017/04/08 2:12:54 PM GMT+5:30,2015BCS019,Piyush,Male,Solapur,kadampiyush5@gmail.com,2015BCS018,2015BCS004,2015BCS005,2015BCS006,2015BCS012
2017/04/08 2:13:55 PM GMT+5:30,2014BME045,Prathamesh Mahadev Khanaj,Male,Kolhapur,khanajprathmesh88@gmail.com,2014BME048,2014BME040,2014BME022,2014BME050,2014BME052
2017/04/08 3:34:33 PM GMT+5:30,2014BCV026,Abhishek Kangale ,Male,Sangli,abhishekkangale@gmail.com ,2014BCV004,2014BCV011,2014BCV014,2014BCV025,2014BCV028
2017/04/08 3:54:27 PM GMT+5:30,2014BIT048,Shubhashree Khajure,Female,Pandharpur,shubhashreekhajure@gmail.com,2014BIT016,201BCS006,2014BIT021,2014BIT025,2014BCS011
2017/04/08 4:58:02 PM GMT+5:30,2014BIT043,MINAL PARCHAND,Female,Pune,minal.parchand@walchandsangli.ac.in,2014BME053,2014BCS003,2014BCS013,2014BCV022,2014BME031
2017/04/08 5:36:07 PM GMT+5:30,2016bcs0107,Nikita Dinkar Aware,Female,Pune,Nikitaaware1998@gmail.com,2016bcs082,2016bcs0105,2016bcs083,2016bcs088,2016bcs095
2017/04/08 8:12:09 PM GMT+5:30,2014BEL058,Mayur Isame,Male,Mumbai,isamemayur93@gmail.com,2014BEL058,2014BEL013,2014BEL037,2014BEL013,2014BEL037
2017/04/09 12:33:45 AM GMT+5:30,2014BIT057,Shweta Kumbhar,Female,Kolhapur,shwetakumbhar3@gmail.com,2014BIT021,2014BIT022,2014BIT028,2014BIT048,2014BIT060
2017/04/09 3:18:17 AM GMT+5:30,2014BCS033,Prasad Subhash Mane-Deshmukh,Male,Pune,deshmukhps95@gmail.com,2014BCS031,2014BCS043,2014BCS044,2014BCS007,2014BIT056
2017/04/09 4:54:44 PM GMT+5:30,2014BCS016,Shubham Katakdhond,Male,Mumbai,skatakdhond44@gmail.com,2014BCS090,2014BCS012,2014BCS015,2015BCS209,2015BCS210
2017/04/09 6:29:19 PM GMT+5:30,2014BME022,Yash Pareek,Male,Kolhapur,yashpareek2411@gmail.com,2014BME026,2014BME040,2014BME045,2014BME033,2014BME019
2017/04/09 9:09:14 PM GMT+5:30,2014BEL050,Abdul Rahim Shaikh,Male,Mumbai,lyricists4hire@gmail.com,2014BEL033,2014BEL034,2014BEL035,2014BEL003,2014BEL019
2017/04/09 10:37:12 PM GMT+5:30,2014BCS045,Vedant Sharma,Male,Mumbai,vedant.sharma200@gmail.com,2014BCS065,2014BCS049,2014BCS078,2014BCS072,2014BCS036
2017/04/10 12:06:18 AM GMT+5:30,2014BIT056,Prateek Prashant Ghamandi,Male,Nagpur,prateekghamandi@gmail.com,2014BIT008,2014BCS008,2014BCS058,2014BCS065,2014BCS061
2017/04/10 10:52:09 AM GMT+5:30,2014BCS069,Vikas Rathod,Male,Aurangabad,rathodvikasvishnu@gmail.com,2014BCS071,2014BCS052,2014BCS081,2015BIT205,2014BCS053
2017/04/10 11:10:33 AM GMT+5:30,2015BIT220,manisha belgaonkar,Female,Sangli,manishabelgaonkar596@gmail.com,2015BIT204,2015BIT201,2015BIT207,2015BIT209,2015BIT218
2017/04/10 11:48:58 AM GMT+5:30,2014bit017,SHUBHAM ANIL HUPARE,Male,Kolhapur,hupareshubham@gmail.com,2014bit213,2014bit010,2014bit004,2014bit001,2014bit012
2017/04/10 2:46:15 PM GMT+5:30,2014BCS049,Anish Joshi,Male,Nashik,joshianish18@gmail.com,2014BCS045,2014BCS078,2014BCS065,2014BCS072,2014BCS027
2017/04/10 4:08:56 PM GMT+5:30,2014BCS011,Anjali Mudawadkar,Female,Latur,anjalinm345@gmail.com,2014BCS001,2014BCS006,2014BCS069,2014BCS012,2014BCS096
2017/04/10 5:10:54 PM GMT+5:30,2014BCS006,Shivani Kondewar ,Female,Sangli,shivanipk11@gmail.com,2014BCS011,2014BCS058,2014BCS088,2014BCS002,2014BCS003
2017/04/10 6:12:48 PM GMT+5:30,2014BCS078,Mukund Sudharsan,Male,Mumbai,123mukundabc@gmail.com,2014BCS065,2014BCS062,2014BCS045,2014BCS049,2014BCS058
2017/04/10 10:36:23 PM GMT+5:30,2014BCS058,Ashutosh Sitre,Male,Kolhapur,sitrea0@gmail.com,2014BCS065,2014BCS078,2014BIT056,2014BCS006,2014BCS046
2017/04/11 2:25:52 AM GMT+5:30,2014bel029,Aishwarya D Korgaonkar,Female,Kolhapur,aishwarya22344@gmail.com,2014bel027,2014bel026,2014bel025,2014bel024,2014bel030
2017/04/11 11:17:54 AM GMT+5:30,2014BEL009,AMRITA KANWADE,Female,Kolhapur,amritakanwade@gmail.com,2014BEL002,2014BEL062,2014BEL014,2014BCV027,2014BCS68
2017/04/11 9:22:59 PM GMT+5:30,2014BEN001,SUPRIYA J. TOUNDAKAR,Female,Kolhapur,toundakarsupriya@gmail.com,2014BME044,2014BME031,2014BMEO14,2014BEN022,2014BEN035
2017/04/11 11:42:13 PM GMT+5:30,2014BCS036,SAM,Male,Kolhapur,sameerkhurd@gmail.com,2014BCS078,2014BCS037,2014BCS038,2014BCS072,2014BCS058
2017/04/12 3:19:44 AM GMT+5:30,2014BIT215,Iliyas Maner,Male,Kolhapur,mdiliyasmaner@gmail.com,2014BIT211,2014BIT212,2014BIT213,2014BIT216,2014BIT217
2017/04/12 3:04:55 PM GMT+5:30,2015BCS210,Jash Agrawal,Male,Kolhapur,jashagrawal1@gmail.com,2014BCS090,2014BCS077,2014BCS016,2014BCS009,2015BCS209
2017/04/13 7:07:03 PM GMT+5:30,2014BEN059,Shivam Satish Aware,Male,Aurangabad,shivamaware@gmail.com,2014BEN068,2014BEN039,2014BEN067,2014BEN049,2014BEN013
